{
    "swagger": "2.0",
    "info": {
        "description": "CRUD operations on product",
        "version": "1.0",
        "title": "Product App Info",
        "termsOfService": "license",
        "contact": {
            "name": "Tufail Ahmed",
            "url": "http://www.tufailahmed.com",
            "email": "tufailahmedkhan@gmail.com"
        },
        "license": {
            "name": "API license",
            "url": "http://www.tufailahmed.com"
        }
    },
    "host": "localhost:9999",
    "basePath": "/",
    "tags": [
        {
            "name": "product-controller",
            "description": "Product Controller"
        }
    ],
    "paths": {
        "/product": {
            "get": {
                "tags": [
                    "product-controller"
                ],
                "summary": "Find product by product id",
                "description": "Give product id to search for a particular id",
                "operationId": "getProductsUsingGET",
                "produces": [
                    "*/*"
                ],
                "responses": {
                    "200": {
                        "description": "OK",
                        "schema": {
                            "type": "array",
                            "items": {
                                "$ref": "#/definitions/Product"
                            }
                        }
                    },
                    "401": {
                        "description": "Unauthorized"
                    },
                    "403": {
                        "description": "Forbidden"
                    },
                    "404": {
                        "description": "Not Found"
                    }
                }
            },
            "post": {
                "tags": [
                    "product-controller"
                ],
                "summary": "saveProduct",
                "operationId": "saveProductUsingPOST",
                "consumes": [
                    "application/json"
                ],
                "produces": [
                    "*/*"
                ],
                "parameters": [
                    {
                        "in": "body",
                        "name": "product",
                        "description": "product",
                        "required": true,
                        "schema": {
                            "$ref": "#/definitions/Product"
                        }
                    }
                ],
                "responses": {
                    "200": {
                        "description": "OK",
                        "schema": {
                            "type": "string"
                        }
                    },
                    "201": {
                        "description": "Created"
                    },
                    "401": {
                        "description": "Unauthorized"
                    },
                    "403": {
                        "description": "Forbidden"
                    },
                    "404": {
                        "description": "Not Found"
                    }
                }
            },
            "put": {
                "tags": [
                    "product-controller"
                ],
                "summary": "updateProduct",
                "operationId": "updateProductUsingPUT",
                "consumes": [
                    "application/json"
                ],
                "produces": [
                    "*/*"
                ],
                "parameters": [
                    {
                        "in": "body",
                        "name": "product",
                        "description": "product",
                        "required": true,
                        "schema": {
                            "$ref": "#/definitions/Product"
                        }
                    }
                ],
                "responses": {
                    "200": {
                        "description": "OK",
                        "schema": {
                            "type": "string"
                        }
                    },
                    "201": {
                        "description": "Created"
                    },
                    "401": {
                        "description": "Unauthorized"
                    },
                    "403": {
                        "description": "Forbidden"
                    },
                    "404": {
                        "description": "Not Found"
                    }
                }
            }
        },
        "/product/filterProductByPrice/{lowerRange}/{upperRange}": {
            "get": {
                "tags": [
                    "product-controller"
                ],
                "summary": "Find product by giving lower and upper bound",
                "description": "you can filter product on price for ex:1000-2000",
                "operationId": "filterProductByPriceUsingGET",
                "produces": [
                    "*/*"
                ],
                "parameters": [
                    {
                        "name": "lowerRange",
                        "in": "path",
                        "description": "lowerRange",
                        "required": true,
                        "type": "integer",
                        "format": "int32"
                    },
                    {
                        "name": "upperRange",
                        "in": "path",
                        "description": "upperRange",
                        "required": true,
                        "type": "integer",
                        "format": "int32"
                    }
                ],
                "responses": {
                    "200": {
                        "description": "OK",
                        "schema": {
                            "type": "array",
                            "items": {
                                "$ref": "#/definitions/Product"
                            }
                        }
                    },
                    "401": {
                        "description": "Unauthorized"
                    },
                    "403": {
                        "description": "Forbidden"
                    },
                    "404": {
                        "description": "Not Found"
                    }
                }
            }
        },
        "/product/searchByProductName/{productName}": {
            "get": {
                "tags": [
                    "product-controller"
                ],
                "summary": "Find product by name",
                "description": "Hey, You can search product on the basis of name",
                "operationId": "searchProductByNameUsingGET",
                "produces": [
                    "*/*"
                ],
                "parameters": [
                    {
                        "name": "productName",
                        "in": "path",
                        "description": "productName",
                        "required": true,
                        "type": "string"
                    }
                ],
                "responses": {
                    "200": {
                        "description": "OK",
                        "schema": {
                            "type": "array",
                            "items": {
                                "$ref": "#/definitions/Product"
                            }
                        }
                    },
                    "401": {
                        "description": "Unauthorized"
                    },
                    "403": {
                        "description": "Forbidden"
                    },
                    "404": {
                        "description": "Not Found"
                    }
                }
            }
        },
        "/product/{productId}": {
            "get": {
                "tags": [
                    "product-controller"
                ],
                "summary": "Find all the products ",
                "description": "You will get all the products from here",
                "operationId": "getProductUsingGET",
                "produces": [
                    "*/*"
                ],
                "parameters": [
                    {
                        "name": "productId",
                        "in": "path",
                        "description": "productId",
                        "required": true,
                        "type": "integer",
                        "format": "int32"
                    }
                ],
                "responses": {
                    "200": {
                        "description": "OK",
                        "schema": {
                            "$ref": "#/definitions/Product"
                        }
                    },
                    "401": {
                        "description": "Unauthorized"
                    },
                    "403": {
                        "description": "Forbidden"
                    },
                    "404": {
                        "description": "Not Found"
                    }
                }
            },
            "delete": {
                "tags": [
                    "product-controller"
                ],
                "summary": "deleteProduct",
                "operationId": "deleteProductUsingDELETE",
                "produces": [
                    "*/*"
                ],
                "parameters": [
                    {
                        "name": "productId",
                        "in": "path",
                        "description": "productId",
                        "required": true,
                        "type": "integer",
                        "format": "int32"
                    }
                ],
                "responses": {
                    "200": {
                        "description": "OK",
                        "schema": {
                            "type": "string"
                        }
                    },
                    "204": {
                        "description": "No Content"
                    },
                    "401": {
                        "description": "Unauthorized"
                    },
                    "403": {
                        "description": "Forbidden"
                    }
                }
            }
        }
    },
    "definitions": {
        "Product": {
            "type": "object",
            "properties": {
                "price": {
                    "type": "integer",
                    "format": "int32",
                    "description": "product cost"
                },
                "productId": {
                    "type": "integer",
                    "format": "int32",
                    "description": "product id is pk and unique"
                },
                "productName": {
                    "type": "string",
                    "description": "product name "
                },
                "quantityOnHand": {
                    "type": "integer",
                    "format": "int32",
                    "description": "product quantity"
                }
            },
            "title": "Product",
            "description": "We have used product model class in our app"
        }
    }
}